Feature,Importance
Vibration_rolling_mean,0.11004342833115033
PCA_1,0.09840684087388478
Power_Usage,0.09439449661213223
Vibration,0.09345191940714434
Humidity,0.09276749050774163
Power_Usage_rolling_mean,0.09239691870696921
Humidity_rolling_mean,0.09050828432865277
PCA_2,0.09022572508566146
Temperature,0.08853289792228494
Temperature_rolling_mean,0.0846790193743556
Machine_Type_Mill,0.042233798826255275
Machine_Type_Lathe,0.022359180023767414
